-- phpMyAdmin SQL Dump
-- version 5.2.1
-- https://www.phpmyadmin.net/
--
-- Host: 127.0.0.1
-- Generation Time: Mar 11, 2025 at 07:43 AM
-- Server version: 10.4.32-MariaDB
-- PHP Version: 8.0.30

SET SQL_MODE = "NO_AUTO_VALUE_ON_ZERO";
START TRANSACTION;
SET time_zone = "+00:00";


/*!40101 SET @OLD_CHARACTER_SET_CLIENT=@@CHARACTER_SET_CLIENT */;
/*!40101 SET @OLD_CHARACTER_SET_RESULTS=@@CHARACTER_SET_RESULTS */;
/*!40101 SET @OLD_COLLATION_CONNECTION=@@COLLATION_CONNECTION */;
/*!40101 SET NAMES utf8mb4 */;

--
-- Database: `room_reservation_db`
--

-- --------------------------------------------------------

--
-- Table structure for table `carousel`
--

CREATE TABLE `carousel` (
  `id` int(11) NOT NULL,
  `title` varchar(255) NOT NULL,
  `description` text DEFAULT NULL,
  `image_path` varchar(255) NOT NULL,
  `is_active` tinyint(1) NOT NULL DEFAULT 1,
  `order_num` int(11) NOT NULL DEFAULT 1,
  `created_at` datetime NOT NULL
) ENGINE=InnoDB DEFAULT CHARSET=utf8mb4 COLLATE=utf8mb4_general_ci;

--
-- Dumping data for table `carousel`
--

INSERT INTO `carousel` (`id`, `title`, `description`, `image_path`, `is_active`, `order_num`, `created_at`) VALUES
(11, '1', '', '../assets/images/carousel/1741280190_1.png', 1, 1, '2025-03-06 23:56:30'),
(12, '2', '', '../assets/images/carousel/1741280197_2.jpg', 1, 2, '2025-03-06 23:56:37'),
(13, '3', '', '../assets/images/carousel/1741280207_3.jpg', 1, 3, '2025-03-06 23:56:47');

-- --------------------------------------------------------

--
-- Table structure for table `contact_us`
--

CREATE TABLE `contact_us` (
  `id` varchar(50) NOT NULL,
  `company_name` varchar(300) NOT NULL,
  `house_no` varchar(10) NOT NULL,
  `village_no` varchar(10) NOT NULL,
  `village_name` varchar(300) NOT NULL,
  `alley` varchar(300) NOT NULL,
  `junction` varchar(300) NOT NULL,
  `road` varchar(300) NOT NULL,
  `province` varchar(300) NOT NULL,
  `district` varchar(300) NOT NULL,
  `sub_district` varchar(300) NOT NULL,
  `email` varchar(300) NOT NULL,
  `tel` varchar(14) NOT NULL,
  `create_at` datetime NOT NULL,
  `update_at` datetime NOT NULL
) ENGINE=InnoDB DEFAULT CHARSET=utf8mb4 COLLATE=utf8mb4_general_ci;

--
-- Dumping data for table `contact_us`
--

INSERT INTO `contact_us` (`id`, `company_name`, `house_no`, `village_no`, `village_name`, `alley`, `junction`, `road`, `province`, `district`, `sub_district`, `email`, `tel`, `create_at`, `update_at`) VALUES
('', 'TEST', 'TEST', 'TEST', 'TES', 'TES', 'TSE', 'TESTST', 'TSTSTST', 'SDFSFSF', 'SDFSF', 'TSDDF', '11111111', '2025-03-09 21:11:23', '2025-03-09 21:11:23');

-- --------------------------------------------------------

--
-- Table structure for table `employee`
--

CREATE TABLE `employee` (
  `emp_id` varchar(50) NOT NULL,
  `role` varchar(50) NOT NULL,
  `username` varchar(300) NOT NULL,
  `password` text NOT NULL,
  `fname` varchar(300) NOT NULL,
  `lname` varchar(300) NOT NULL,
  `create_at` datetime NOT NULL,
  `update_at` datetime NOT NULL,
  `soft_delete` varchar(14) NOT NULL
) ENGINE=InnoDB DEFAULT CHARSET=utf8mb4 COLLATE=utf8mb4_general_ci;

--
-- Dumping data for table `employee`
--

INSERT INTO `employee` (`emp_id`, `role`, `username`, `password`, `fname`, `lname`, `create_at`, `update_at`, `soft_delete`) VALUES
('EMPY304614LBXC73825438', 'general', 'asd', '$2y$10$qeR9qXE.zCw74i/mRuT9n./HlSg895paPRODKHZOO4ycnq80j5N/i', 'dd', 'dd', '2025-03-10 14:56:51', '2025-03-10 14:56:51', 'false');

-- --------------------------------------------------------

--
-- Table structure for table `logo`
--

CREATE TABLE `logo` (
  `logo_id` varchar(50) NOT NULL,
  `title` varchar(300) NOT NULL,
  `icon` text NOT NULL,
  `logo_type` varchar(14) NOT NULL,
  `logo` text NOT NULL,
  `create_at` datetime NOT NULL,
  `update_at` datetime NOT NULL
) ENGINE=InnoDB DEFAULT CHARSET=utf8mb4 COLLATE=utf8mb4_general_ci;

-- --------------------------------------------------------

--
-- Table structure for table `member`
--

CREATE TABLE `member` (
  `member_id` varchar(50) NOT NULL,
  `username` varchar(300) NOT NULL,
  `password` text NOT NULL,
  `fname` varchar(300) NOT NULL,
  `lname` varchar(300) NOT NULL,
  `tel` varchar(15) NOT NULL,
  `create_at` datetime NOT NULL,
  `update_at` datetime NOT NULL,
  `soft_delete` varchar(14) NOT NULL
) ENGINE=InnoDB DEFAULT CHARSET=utf8mb4 COLLATE=utf8mb4_general_ci;

--
-- Dumping data for table `member`
--

INSERT INTO `member` (`member_id`, `username`, `password`, `fname`, `lname`, `tel`, `create_at`, `update_at`, `soft_delete`) VALUES
('MBID182580CJZR38302395', 'test', '$2y$10$1b6L2/3wggpUxm5FVlSr8.m9UQ3rvvpD.dagPuxc9fSQ/vYJanSG6', 'testasd', 'testasd', '', '2025-03-06 21:16:06', '2025-03-10 14:56:23', 'false');

-- --------------------------------------------------------

--
-- Table structure for table `province`
--

CREATE TABLE `province` (
  `id` int(11) NOT NULL,
  `province` varchar(250) NOT NULL,
  `sector` varchar(250) NOT NULL
) ENGINE=InnoDB DEFAULT CHARSET=utf8mb4 COLLATE=utf8mb4_general_ci;

--
-- Dumping data for table `province`
--

INSERT INTO `province` (`id`, `province`, `sector`) VALUES
(1, 'เชียงราย ', ''),
(2, 'เชียงใหม่ ', ''),
(3, 'น่าน ', ''),
(4, 'พะเยา ', ''),
(5, 'แพร่ ', ''),
(6, 'แม่ฮ่องสอน ', ''),
(7, 'ลำปาง ', ''),
(8, 'ลำพูน ', ''),
(9, 'อุตรดิตถ์', ''),
(10, 'กาฬสินธุ์ ', ''),
(11, 'ขอนแก่น ', ''),
(12, 'ชัยภูมิ ', ''),
(13, 'นครพนม ', ''),
(14, 'นครราชสีมา ', ''),
(15, 'บึงกาฬ ', ''),
(16, 'บุรีรัมย์ ', ''),
(17, 'มหาสารคาม ', ''),
(18, 'มุกดาหาร ', ''),
(19, 'ยโสธร ', ''),
(20, 'ร้อยเอ็ด ', ''),
(21, 'เลย ', ''),
(22, 'สกลนคร ', ''),
(23, 'สุรินทร์ ', ''),
(24, 'ศรีสะเกษ ', ''),
(25, 'หนองคาย ', ''),
(26, 'หนองบัวลำภู ', ''),
(27, 'อุดรธานี ', ''),
(28, 'อุบลราชธานี ', ''),
(29, 'อำนาจเจริญ', ''),
(30, 'กรุงเทพมหานคร', ''),
(31, 'กำแพงเพชร ', ''),
(32, 'ชัยนาท ', ''),
(33, 'นครนายก ', ''),
(34, 'นครปฐม ', ''),
(35, 'นครสวรรค์ ', ''),
(36, 'นนทบุรี ', ''),
(37, 'ปทุมธานี ', ''),
(38, 'พระนครศรีอยุธยา ', ''),
(39, 'พิจิตร ', ''),
(40, 'พิษณุโลก ', ''),
(41, 'เพชรบูรณ์ ', ''),
(42, 'ลพบุรี ', ''),
(43, 'สมุทรปราการ ', ''),
(44, 'สมุทรสงคราม ', ''),
(45, 'สมุทรสาคร ', ''),
(46, 'สิงห์บุรี ', ''),
(47, 'สุโขทัย ', ''),
(48, 'สุพรรณบุรี ', ''),
(49, 'สระบุรี ', ''),
(50, 'อ่างทอง ', ''),
(51, 'อุทัยธานี ', ''),
(52, 'จันทบุรี ', ''),
(53, 'ฉะเชิงเทรา ', ''),
(54, 'ชลบุรี ', ''),
(55, 'ตราด ', ''),
(56, 'ปราจีนบุรี ', ''),
(57, 'ระยอง ', ''),
(58, 'สระแก้ว', ''),
(59, 'กาญจนบุรี ', ''),
(60, 'ตาก ', ''),
(61, 'ประจวบคีรีขันธ์ ', ''),
(62, 'เพชรบุรี ', ''),
(63, 'ราชบุรี ', ''),
(64, 'กระบี่ ', ''),
(65, 'ชุมพร ', ''),
(66, 'ตรัง ', ''),
(67, 'นครศรีธรรมราช ', ''),
(68, 'นราธิวาส ', ''),
(69, 'ปัตตานี ', ''),
(70, 'พังงา ', ''),
(71, 'พัทลุง ', ''),
(72, 'ภูเก็ต ', ''),
(73, 'ระนอง ', ''),
(74, 'สตูล ', ''),
(75, 'สงขลา ', ''),
(76, 'สุราษฎร์ธานี ', ''),
(77, 'ยะลา ', '');

-- --------------------------------------------------------

--
-- Table structure for table `reportfile`
--

CREATE TABLE `reportfile` (
  `file_id` varchar(45) NOT NULL,
  `filename` varchar(120) NOT NULL,
  `filetype` varchar(50) NOT NULL,
  `storage` varchar(300) NOT NULL,
  `create_at` datetime NOT NULL,
  `update_at` datetime NOT NULL,
  `soft_delete` varchar(15) NOT NULL
) ENGINE=InnoDB DEFAULT CHARSET=utf8mb4 COLLATE=utf8mb4_general_ci;

--
-- Dumping data for table `reportfile`
--

INSERT INTO `reportfile` (`file_id`, `filename`, `filetype`, `storage`, `create_at`, `update_at`, `soft_delete`) VALUES
('PDF20250310131409', 'PDF20250310131409S20250311E20250312.pdf', 'pdf', '\\xampp\\htdocs\\room-reservation\\controller/../assets/pdf/PDF20250310131409S20250311E20250312.pdf', '2025-03-10 13:14:09', '2025-03-10 13:14:09', 'false'),
('PDF20250310131717', 'PDF20250310131717S20250311E20250312.pdf', 'pdf', '\\xampp\\htdocs\\room-reservation\\controller/../assets/pdf/PDF20250310131717S20250311E20250312.pdf', '2025-03-10 13:17:17', '2025-03-10 13:17:17', 'false');

-- --------------------------------------------------------

--
-- Table structure for table `reservations`
--

CREATE TABLE `reservations` (
  `reservation_id` varchar(50) NOT NULL,
  `member_id` varchar(50) NOT NULL,
  `room_id` varchar(50) NOT NULL,
  `start_dt` date NOT NULL,
  `end_dt` date NOT NULL,
  `day_count` int(11) NOT NULL,
  `total` double NOT NULL,
  `slip_payment` text NOT NULL,
  `status` varchar(14) NOT NULL,
  `pay_status` varchar(36) NOT NULL,
  `paid` double NOT NULL,
  `is_cancel` varchar(14) NOT NULL,
  `create_at` datetime NOT NULL,
  `update_at` datetime NOT NULL,
  `soft_delete` varchar(14) NOT NULL,
  `date_stamp` text NOT NULL,
  `additional` varchar(14) NOT NULL
) ENGINE=InnoDB DEFAULT CHARSET=utf8mb4 COLLATE=utf8mb4_general_ci;

--
-- Dumping data for table `reservations`
--

INSERT INTO `reservations` (`reservation_id`, `member_id`, `room_id`, `start_dt`, `end_dt`, `day_count`, `total`, `slip_payment`, `status`, `pay_status`, `paid`, `is_cancel`, `create_at`, `update_at`, `soft_delete`, `date_stamp`, `additional`) VALUES
('RESV20250306221045661849JKYO', 'MBID182580CJZR38302395', 'RM69078532PJXY44', '2025-03-10', '2025-03-11', 1, 900, 'RESV20250306221045661849JKYO1741274829EMVG05.png', 'confirm', 'progress', 0, 'false', '2025-03-06 22:10:45', '2025-03-06 22:27:09', 'false', '2025-03-09,2025-03-10', 'true'),
('RESV20250310030252682476CGTG', 'MBID182580CJZR38302395', 'RM25310508WATR84', '2025-03-12', '2025-03-13', 1, 1700, '', 'progress', 'unpaid', 0, 'false', '2025-03-10 03:02:52', '2025-03-10 03:02:52', 'false', '2025-03-12,2025-03-13', 'true'),
('RESV20250310030719483228ENLE', 'MBID182580CJZR38302395', 'RM83072284YGUY40', '2025-04-01', '2025-04-02', 1, 1700, '', 'progress', 'unpaid', 0, 'false', '2025-03-10 03:07:19', '2025-03-10 03:07:19', 'false', '2025-04-01,2025-04-02', 'true');

-- --------------------------------------------------------

--
-- Table structure for table `rooms`
--

CREATE TABLE `rooms` (
  `room_id` varchar(50) NOT NULL,
  `room_type` varchar(50) NOT NULL,
  `room_name` varchar(300) NOT NULL,
  `room_number` varchar(50) NOT NULL,
  `bed_amount` double NOT NULL,
  `price` double NOT NULL,
  `thumbnail` text NOT NULL,
  `img` text NOT NULL,
  `description` varchar(500) NOT NULL,
  `detail` text NOT NULL,
  `create_at` datetime NOT NULL,
  `update_at` datetime NOT NULL,
  `soft_delete` varchar(14) NOT NULL
) ENGINE=InnoDB DEFAULT CHARSET=utf8mb4 COLLATE=utf8mb4_general_ci;

--
-- Dumping data for table `rooms`
--

INSERT INTO `rooms` (`room_id`, `room_type`, `room_name`, `room_number`, `bed_amount`, `price`, `thumbnail`, `img`, `description`, `detail`, `create_at`, `update_at`, `soft_delete`) VALUES
('RM10416766POKQ74', 'RT92279189UJBS', 'เกาะหว้า', '5', 1, 1400, 'thumb_RM10416766POKQ74.jpg', '1741514146XKJJ01.jpg', 'เป็นเต็นท์กลางน้ำที่ติดกับลำธารเห็นวิวใกล้สุดๆบรรยาดีมากๆ🌊🌳', 'เต็นท์พักได้2ท่าน ถ้าหากลูกค้ามาเป็นครอบครัวเด็กอายุต่ำกว่า10สามารถนอนด้วยกันได้โดยไม่ต้องเพิ่มเบาะเสริม✅ หากมา3ท่านแนะนำเพิ่มเบาะเสริมนะคะจะนอนสบายกว่าค่ะ‼️ 🚫ห้ามนำสัตว์เลี้ยงเข้าที่พัก ✅ฟรีwifi ✅อาหารเช้า ✅อุปกรณ์ปิ้งย่าง ✅พัดลม ✅กาน้ำร้อน ✅ชุดถุงนอน 👉สบู่ 👉แชมพู 👉ผ้าขนหนู ✅กระติกพร้อมน้ำแข็ง ✅ปลั๊กไฟ ✅ห้องน้ำรวมห่างจากที่พัก40เมตร ✅ถ่าน ภาชนะ **ทางที่พักมี ขนมและเครื่องดื่มจำหน่าย (ไม่มีแอลกอฮอล์)ลูกค้าสามารถซื้อเข้ามาได้เลยค่ะ มีร้านอาหารตามสั่ง ร้านส้มตำและร้านหมูกะทะชั่งกิโลให้โทรสั่งจากข้างนอกมาส่งให้ได้ค่ะ 👉สำหรับลูกค้าที่จะล่องแก่งสามารถมาก่อนเวลาได้ค่ะ 🕑เช็คอิน14.00น. 🕛เช็คเอาท์12.00น.', '2025-03-09 16:55:46', '2025-03-09 16:55:46', 'false'),
('RM11650902NDOR60', 'RT20639053FZTC', 'เต็นท์', '10', 1, 4500, 'thumb_RM11650902NDOR60.jpg', '1741517303HVRR20.jpg', 'เป็นเต็นท์สำหรับครับครัวใหญ่หรือเข้าพักแบบทีมแก๊งเพื่อน พักได้ 6-8 ท่าน อยู่ริมน้ำเต็นท์ไม่อยู่ติดกับเต็นท์อื่นเป็นส่วนตัวบรรยากาศดีสุดๆ🌊🌳', 'ถ้าหากลูกค้ามาเป็นครอบครัวเด็กอายุต่ำกว่า10สามารถนอนด้วยกันได้โดยไม่ต้องเพิ่มเบาะเสริม✅ 🚫ห้ามนำสัตว์เลี้ยงเข้าที่พัก ✅ฟรีwifi ✅อาหารเช้า ✅อุปกรณ์ปิ้งย่าง ✅พัดลม ✅กาน้ำร้อน ✅ชุดถุงนอน 👉สบู่ 👉แชมพู 👉ผ้าขนหนู ✅กระติกพร้อมน้ำแข็ง ✅ปลั๊กไฟ ✅ห้องน้ำรวมห่างจากที่พัก40เมตร ✅ถ่าน ภาชนะ **ทางที่พักมี ขนมและเครื่องดื่มจำหน่าย (ไม่มีแอลกอฮอล์)ลูกค้าสามารถซื้อเข้ามาได้เลยค่ะ มีร้านอาหารตามสั่ง ร้านส้มตำและร้านหมูกะทะชั่งกิโลให้โทรสั่งจากข้างนอกมาส่งให้ได้ค่ะ 👉สำหรับลูกค้าที่จะล่องแก่งสามารถมาก่อนเวลาได้ค่ะ 🕑เช็คอิน14.00น. 🕛เช็คเอาท์12.00น.', '2025-03-09 17:48:23', '2025-03-09 17:48:23', 'false'),
('RM11958254FXWI72', 'RT20639053FZTC', 'เต็นท์ ดำ', '2', 1, 1400, 'thumb_RM11958254FXWI72.jpg', '1741516460DPZP87.jpg', 'เป็นเต็นท์สีดำอยู่ริมน้ำเต็นท์ไม่อยู่ติดกับเต็นท์อื่นเป็นส่วนตัวบรรยากาศดีสุดๆ🌊🌳', 'เต็นท์พักได้2ท่าน ถ้าหากลูกค้ามาเป็นครอบครัวเด็กอายุต่ำกว่า10สามารถนอนด้วยกันได้โดยไม่ต้องเพิ่มเบาะเสริม✅ หากมา3ท่านแนะนำเพิ่มเบาะเสริมนะคะจะนอนสบายกว่าค่ะ‼️ 🚫ห้ามนำสัตว์เลี้ยงเข้าที่พัก ✅ฟรีwifi ✅อาหารเช้า ✅อุปกรณ์ปิ้งย่าง ✅พัดลม ✅กาน้ำร้อน ✅ชุดถุงนอน 👉สบู่ 👉แชมพู 👉ผ้าขนหนู ✅กระติกพร้อมน้ำแข็ง ✅ปลั๊กไฟ ✅ห้องน้ำรวมห่างจากที่พัก40เมตร ✅ถ่าน ภาชนะ **ทางที่พักมี ขนมและเครื่องดื่มจำหน่าย (ไม่มีแอลกอฮอล์)ลูกค้าสามารถซื้อเข้ามาได้เลยค่ะ มีร้านอาหารตามสั่ง ร้านส้มตำและร้านหมูกะทะชั่งกิโลให้โทรสั่งจากข้างนอกมาส่งให้ได้ค่ะ 👉สำหรับลูกค้าที่จะล่องแก่งสามารถมาก่อนเวลาได้ค่ะ 🕑เช็คอิน14.00น. 🕛เช็คเอาท์12.00น.', '2025-03-09 17:34:20', '2025-03-09 17:34:20', 'false'),
('RM14536336UOFH84', 'RT20639053FZTC', 'เต็นท์ ชมพู', '1', 1, 1400, 'thumb_RM14536336UOFH84.jpg', '1741516356BXDW26.jpg', 'เป็นเต็นท์สีชมพูอยู่ริมน้ำเต็นท์ไม่อยู่ติดกับเต็นท์อื่นเป็นส่วนตัวบรรยากาศดีสุดๆ🌊🌳', 'เต็นท์พักได้2ท่าน ถ้าหากลูกค้ามาเป็นครอบครัวเด็กอายุต่ำกว่า10สามารถนอนด้วยกันได้โดยไม่ต้องเพิ่มเบาะเสริม✅ หากมา3ท่านแนะนำเพิ่มเบาะเสริมนะคะจะนอนสบายกว่าค่ะ‼️ 🚫ห้ามนำสัตว์เลี้ยงเข้าที่พัก ✅ฟรีwifi ✅อาหารเช้า ✅อุปกรณ์ปิ้งย่าง ✅พัดลม ✅กาน้ำร้อน ✅ชุดถุงนอน 👉สบู่ 👉แชมพู 👉ผ้าขนหนู ✅กระติกพร้อมน้ำแข็ง ✅ปลั๊กไฟ ✅ห้องน้ำรวมห่างจากที่พัก40เมตร ✅ถ่าน ภาชนะ **ทางที่พักมี ขนมและเครื่องดื่มจำหน่าย (ไม่มีแอลกอฮอล์)ลูกค้าสามารถซื้อเข้ามาได้เลยค่ะ มีร้านอาหารตามสั่ง ร้านส้มตำและร้านหมูกะทะชั่งกิโลให้โทรสั่งจากข้างนอกมาส่งให้ได้ค่ะ 👉สำหรับลูกค้าที่จะล่องแก่งสามารถมาก่อนเวลาได้ค่ะ 🕑เช็คอิน14.00น. 🕛เช็คเอาท์12.00น.', '2025-03-09 17:32:36', '2025-03-09 17:32:36', 'false'),
('RM17646835RWVY57', 'RT80992137TBVM', 'ลานกว้าง', '1', 1, 200, 'thumb_RM17646835RWVY57.jpg', '1741517836TNBL30.jpg', 'เป็นโซนสำหรับลูกค้ามีอุปกรณ์แคมป์ปิ้งและอยากกางเต็นท์เองบรรยาดีไม่แพ้โซนอื่นๆเลย🌊🌳', '🚫ห้ามนำสัตว์เลี้ยงเข้าที่พัก ✅ฟรีwifi **ทางที่พักมี ขนมและเครื่องดื่มจำหน่าย (ไม่มีแอลกอฮอล์)ลูกค้าสามารถซื้อเข้ามาได้เลยค่ะ มีร้านอาหารตามสั่ง ร้านส้มตำและร้านหมูกะทะชั่งกิโลให้โทรสั่งจากข้างนอกมาส่งให้ได้ค่ะ 👉สำหรับลูกค้าที่จะล่องแก่งสามารถมาก่อนเวลาได้ค่ะ 🕑เช็คอิน14.00น. 🕛เช็คเอาท์12.00น.', '2025-03-09 17:57:16', '2025-03-09 17:57:16', 'false'),
('RM25310508WATR84', 'RT92279189UJBS', 'เต็นท์', '1', 1, 1400, 'thumb_RM25310508WATR84.jpg', '1741512664ZXHG58.jpg', 'เป็นเต็นท์สีเหลืองอยู่กลางน้ำเต็นท์ไม่อยู่ติดกับเต็นท์อื่นเป็นส่วนตัวบรรยากาศดีสุดๆ🌊🌳', 'เต็นท์พักได้2ท่าน  ถ้าหากลูกค้ามาเป็นครอบครัวเด็กอายุต่ำกว่า10สามารถนอนด้วยกันได้โดยไม่ต้องเพิ่มเบาะเสริม✅\r\nหากมา3ท่านแนะนำเพิ่มเบาะเสริมนะคะจะนอนสบายกว่าค่ะ‼️\r\n🚫ห้ามนำสัตว์เลี้ยงเข้าที่พัก\r\n✅ฟรีwifi \r\n✅อาหารเช้า\r\n✅อุปกรณ์ปิ้งย่าง\r\n✅พัดลม\r\n✅กาน้ำร้อน\r\n✅ชุดถุงนอน\r\n👉สบู่ 👉แชมพู 👉ผ้าขนหนู \r\n✅กระติกพร้อมน้ำแข็ง\r\n✅ปลั๊กไฟ\r\n✅ห้องน้ำรวมห่างจากที่พัก40เมตร\r\n✅ถ่าน ภาชนะ \r\n**ทางที่พักมี ขนมและเครื่องดื่มจำหน่าย\r\n(ไม่มีแอลกอฮอล์)ลูกค้าสามารถซื้อเข้ามาได้เลยค่ะ มีร้านอาหารตามสั่ง ร้านส้มตำและร้านหมูกะทะชั่งกิโลให้โทรสั่งจากข้างนอกมาส่งให้ได้ค่ะ\r\n👉สำหรับลูกค้าที่จะล่องแก่งสามารถมาก่อนเวลาได้ค่ะ\r\n🕑เช็คอิน14.00น.\r\n🕛เช็คเอาท์12.00น.', '2025-03-06 20:00:49', '2025-03-09 16:31:12', 'false'),
('RM29848713ADPT45', 'RT92279189UJBS', 'เต็นท์', '3', 1, 1400, 'thumb_RM29848713ADPT45.jpg', '1741513381SGSE88.jpg', 'เป็นเต็นท์ที่อยู่กลางน้ำแต่อยู่โซนบนเช่นกันแบบเต็นท์2บรรยากาศชิวๆส่วนตัวนั่งมองลำธารจากด้านบบน🌊🌳', 'เต็นท์พักได้2ท่าน  ถ้าหากลูกค้ามาเป็นครอบครัวเด็กอายุต่ำกว่า10สามารถนอนด้วยกันได้โดยไม่ต้องเพิ่มเบาะเสริม✅\r\nหากมา3ท่านแนะนำเพิ่มเบาะเสริมนะคะจะนอนสบายกว่าค่ะ‼️\r\n🚫ห้ามนำสัตว์เลี้ยงเข้าที่พัก\r\n✅ฟรีwifi \r\n✅อาหารเช้า\r\n✅อุปกรณ์ปิ้งย่าง\r\n✅พัดลม\r\n✅กาน้ำร้อน\r\n✅ชุดถุงนอน\r\n👉สบู่ 👉แชมพู 👉ผ้าขนหนู \r\n✅กระติกพร้อมน้ำแข็ง\r\n✅ปลั๊กไฟ\r\n✅ห้องน้ำรวมห่างจากที่พัก40เมตร\r\n✅ถ่าน ภาชนะ \r\n**ทางที่พักมี ขนมและเครื่องดื่มจำหน่าย\r\n(ไม่มีแอลกอฮอล์)ลูกค้าสามารถซื้อเข้ามาได้เลยค่ะ มีร้านอาหารตามสั่ง ร้านส้มตำและร้านหมูกะทะชั่งกิโลให้โทรสั่งจากข้างนอกมาส่งให้ได้ค่ะ\r\n👉สำหรับลูกค้าที่จะล่องแก่งสามารถมาก่อนเวลาได้ค่ะ\r\n🕑เช็คอิน14.00น.\r\n🕛เช็คเอาท์12.00น.', '2025-03-09 16:43:01', '2025-03-09 16:43:01', 'false'),
('RM32052992LDLR10', 'RT20639053FZTC', 'เต็นท์', '12', 1, 2500, 'thumb_RM32052992LDLR10.jpg', '1741517169LROE31.jpg', 'เป็นเต็นท์สำหรับครอบครัวหรือแก๊งเพื่อน พักได้ 4ท่าน อยู่ริมน้ำ เต็นท์ไม่อยู่ติดกับเต็นท์อื่นเป็นส่วนตัวบรรยากาศดีสุดๆ🌊🌳', 'เต็นท์พักได้2ท่าน ถ้าหากลูกค้ามาเป็นครอบครัวเด็กอายุต่ำกว่า10สามารถนอนด้วยกันได้โดยไม่ต้องเพิ่มเบาะเสริม✅ หากมา3ท่านแนะนำเพิ่มเบาะเสริมนะคะจะนอนสบายกว่าค่ะ‼️ 🚫ห้ามนำสัตว์เลี้ยงเข้าที่พัก ✅ฟรีwifi ✅อาหารเช้า ✅อุปกรณ์ปิ้งย่าง ✅พัดลม ✅กาน้ำร้อน ✅ชุดถุงนอน 👉สบู่ 👉แชมพู 👉ผ้าขนหนู ✅กระติกพร้อมน้ำแข็ง ✅ปลั๊กไฟ ✅ห้องน้ำรวมห่างจากที่พัก40เมตร ✅ถ่าน ภาชนะ **ทางที่พักมี ขนมและเครื่องดื่มจำหน่าย (ไม่มีแอลกอฮอล์)ลูกค้าสามารถซื้อเข้ามาได้เลยค่ะ มีร้านอาหารตามสั่ง ร้านส้มตำและร้านหมูกะทะชั่งกิโลให้โทรสั่งจากข้างนอกมาส่งให้ได้ค่ะ 👉สำหรับลูกค้าที่จะล่องแก่งสามารถมาก่อนเวลาได้ค่ะ 🕑เช็คอิน14.00น. 🕛เช็คเอาท์12.00น.', '2025-03-09 17:46:09', '2025-03-09 17:49:43', 'false'),
('RM33927813RNQJ94', 'RT92279189UJBS', 'เต็นท์', '6', 1, 1400, 'thumb_RM33927813RNQJ94.jpg', '1741514228LSQS24.jpg', 'เป็นเต็นท์กลางน้ำที่ติดกับลำธารเห็นวิวใกล้สุดๆบรรยาดีมากๆ🌊🌳', 'เต็นท์พักได้2ท่าน ถ้าหากลูกค้ามาเป็นครอบครัวเด็กอายุต่ำกว่า10สามารถนอนด้วยกันได้โดยไม่ต้องเพิ่มเบาะเสริม✅ หากมา3ท่านแนะนำเพิ่มเบาะเสริมนะคะจะนอนสบายกว่าค่ะ‼️ 🚫ห้ามนำสัตว์เลี้ยงเข้าที่พัก ✅ฟรีwifi ✅อาหารเช้า ✅อุปกรณ์ปิ้งย่าง ✅พัดลม ✅กาน้ำร้อน ✅ชุดถุงนอน 👉สบู่ 👉แชมพู 👉ผ้าขนหนู ✅กระติกพร้อมน้ำแข็ง ✅ปลั๊กไฟ ✅ห้องน้ำรวมห่างจากที่พัก40เมตร ✅ถ่าน ภาชนะ **ทางที่พักมี ขนมและเครื่องดื่มจำหน่าย (ไม่มีแอลกอฮอล์)ลูกค้าสามารถซื้อเข้ามาได้เลยค่ะ มีร้านอาหารตามสั่ง ร้านส้มตำและร้านหมูกะทะชั่งกิโลให้โทรสั่งจากข้างนอกมาส่งให้ได้ค่ะ 👉สำหรับลูกค้าที่จะล่องแก่งสามารถมาก่อนเวลาได้ค่ะ 🕑เช็คอิน14.00น. 🕛เช็คเอาท์12.00น.', '2025-03-09 16:57:08', '2025-03-09 16:57:08', 'false'),
('RM36651393CXRW92', 'RT92279189UJBS', 'เต็นท์', '7', 1, 1400, 'thumb_RM36651393CXRW92.jpg', '1741514295YULD29.jpg', 'เป็นเต็นท์กลางน้ำที่ติดกับลำธารเห็นวิวใกล้สุดๆบรรยาดีมากๆ🌊🌳', 'เต็นท์พักได้2ท่าน ถ้าหากลูกค้ามาเป็นครอบครัวเด็กอายุต่ำกว่า10สามารถนอนด้วยกันได้โดยไม่ต้องเพิ่มเบาะเสริม✅ หากมา3ท่านแนะนำเพิ่มเบาะเสริมนะคะจะนอนสบายกว่าค่ะ‼️ 🚫ห้ามนำสัตว์เลี้ยงเข้าที่พัก ✅ฟรีwifi ✅อาหารเช้า ✅อุปกรณ์ปิ้งย่าง ✅พัดลม ✅กาน้ำร้อน ✅ชุดถุงนอน 👉สบู่ 👉แชมพู 👉ผ้าขนหนู ✅กระติกพร้อมน้ำแข็ง ✅ปลั๊กไฟ ✅ห้องน้ำรวมห่างจากที่พัก40เมตร ✅ถ่าน ภาชนะ **ทางที่พักมี ขนมและเครื่องดื่มจำหน่าย (ไม่มีแอลกอฮอล์)ลูกค้าสามารถซื้อเข้ามาได้เลยค่ะ มีร้านอาหารตามสั่ง ร้านส้มตำและร้านหมูกะทะชั่งกิโลให้โทรสั่งจากข้างนอกมาส่งให้ได้ค่ะ 👉สำหรับลูกค้าที่จะล่องแก่งสามารถมาก่อนเวลาได้ค่ะ 🕑เช็คอิน14.00น. 🕛เช็คเอาท์12.00น.', '2025-03-09 16:58:15', '2025-03-09 16:58:15', 'false'),
('RM43331972LWMD02', 'RT92279189UJBS', 'เต็นท์', '4', 1, 1400, 'thumb_RM43331972LWMD02.jpg', '1741514000RATA53.jpg', 'เป็นเต็นท์กลางน้ำที่ติดกับลำธารเห็นวิวใกล้สุดๆบรรยาดีมากๆ🌊🌳', 'เต็นท์พักได้2ท่าน  ถ้าหากลูกค้ามาเป็นครอบครัวเด็กอายุต่ำกว่า10สามารถนอนด้วยกันได้โดยไม่ต้องเพิ่มเบาะเสริม✅\r\nหากมา3ท่านแนะนำเพิ่มเบาะเสริมนะคะจะนอนสบายกว่าค่ะ‼️\r\n🚫ห้ามนำสัตว์เลี้ยงเข้าที่พัก\r\n✅ฟรีwifi \r\n✅อาหารเช้า\r\n✅อุปกรณ์ปิ้งย่าง\r\n✅พัดลม\r\n✅กาน้ำร้อน\r\n✅ชุดถุงนอน\r\n👉สบู่ 👉แชมพู 👉ผ้าขนหนู \r\n✅กระติกพร้อมน้ำแข็ง\r\n✅ปลั๊กไฟ\r\n✅ห้องน้ำรวมห่างจากที่พัก40เมตร\r\n✅ถ่าน ภาชนะ \r\n**ทางที่พักมี ขนมและเครื่องดื่มจำหน่าย\r\n(ไม่มีแอลกอฮอล์)ลูกค้าสามารถซื้อเข้ามาได้เลยค่ะ มีร้านอาหารตามสั่ง ร้านส้มตำและร้านหมูกะทะชั่งกิโลให้โทรสั่งจากข้างนอกมาส่งให้ได้ค่ะ\r\n👉สำหรับลูกค้าที่จะล่องแก่งสามารถมาก่อนเวลาได้ค่ะ\r\n🕑เช็คอิน14.00น.\r\n🕛เช็คเอาท์12.00น.', '2025-03-09 16:53:20', '2025-03-09 16:53:20', 'false'),
('RM43521588EUBX72', 'RT20639053FZTC', 'เต็นท์', '11', 1, 1400, 'thumb_RM43521588EUBX72.jpg', '1741517030UDUN48.jpg', 'เป็นเต็นท์อยู่ริมน้ำเต็นท์ไม่อยู่ติดกับเต็นท์อื่นเป็นส่วนตัวบรรยากาศดีสุดๆ🌊🌳', 'เต็นท์พักได้2ท่าน ถ้าหากลูกค้ามาเป็นครอบครัวเด็กอายุต่ำกว่า10สามารถนอนด้วยกันได้โดยไม่ต้องเพิ่มเบาะเสริม✅ หากมา3ท่านแนะนำเพิ่มเบาะเสริมนะคะจะนอนสบายกว่าค่ะ‼️ 🚫ห้ามนำสัตว์เลี้ยงเข้าที่พัก ✅ฟรีwifi ✅อาหารเช้า ✅อุปกรณ์ปิ้งย่าง ✅พัดลม ✅กาน้ำร้อน ✅ชุดถุงนอน 👉สบู่ 👉แชมพู 👉ผ้าขนหนู ✅กระติกพร้อมน้ำแข็ง ✅ปลั๊กไฟ ✅ห้องน้ำรวมห่างจากที่พัก40เมตร ✅ถ่าน ภาชนะ **ทางที่พักมี ขนมและเครื่องดื่มจำหน่าย (ไม่มีแอลกอฮอล์)ลูกค้าสามารถซื้อเข้ามาได้เลยค่ะ มีร้านอาหารตามสั่ง ร้านส้มตำและร้านหมูกะทะชั่งกิโลให้โทรสั่งจากข้างนอกมาส่งให้ได้ค่ะ 👉สำหรับลูกค้าที่จะล่องแก่งสามารถมาก่อนเวลาได้ค่ะ 🕑เช็คอิน14.00น. 🕛เช็คเอาท์12.00น.', '2025-03-09 17:43:50', '2025-03-09 17:43:50', 'false'),
('RM49665438QIKH47', 'RT89676524WZFU', 'เต็นท์ v', '3', 1, 1400, 'thumb_RM49665438QIKH47.jpg', '1741516142HJBW57.jpg', 'เป็นเต็นท์กลางน้ำส่วนตัวบรรยากาศชิวๆนั่งมองลำธารจากด้านบน🌊🌳', 'เต็นท์พักได้2ท่าน ถ้าหากลูกค้ามาเป็นครอบครัวเด็กอายุต่ำกว่า10สามารถนอนด้วยกันได้โดยไม่ต้องเพิ่มเบาะเสริม✅ หากมา3ท่านแนะนำเพิ่มเบาะเสริมนะคะจะนอนสบายกว่าค่ะ‼️ 🚫ห้ามนำสัตว์เลี้ยงเข้าที่พัก ✅ฟรีwifi ✅อาหารเช้า ✅อุปกรณ์ปิ้งย่าง ✅พัดลม ✅กาน้ำร้อน ✅ชุดถุงนอน 👉สบู่ 👉แชมพู 👉ผ้าขนหนู ✅กระติกพร้อมน้ำแข็ง ✅ปลั๊กไฟ ✅ห้องน้ำรวมห่างจากที่พัก40เมตร ✅ถ่าน ภาชนะ **ทางที่พักมี ขนมและเครื่องดื่มจำหน่าย (ไม่มีแอลกอฮอล์)ลูกค้าสามารถซื้อเข้ามาได้เลยค่ะ มีร้านอาหารตามสั่ง ร้านส้มตำและร้านหมูกะทะชั่งกิโลให้โทรสั่งจากข้างนอกมาส่งให้ได้ค่ะ 👉สำหรับลูกค้าที่จะล่องแก่งสามารถมาก่อนเวลาได้ค่ะ 🕑เช็คอิน14.00น. 🕛เช็คเอาท์12.00น.', '2025-03-09 17:29:02', '2025-03-09 17:29:02', 'false'),
('RM50826643NMLZ60', 'RT92279189UJBS', 'เต็นท์', '9', 1, 1400, 'thumb_RM50826643NMLZ60.jpg', '1741514349KFIO74.jpg', 'เป็นเต็นท์กลางน้ำที่ติดกับลำธารเห็นวิวใกล้สุดๆบรรยาดีมากๆ🌊🌳', 'เต็นท์พักได้2ท่าน ถ้าหากลูกค้ามาเป็นครอบครัวเด็กอายุต่ำกว่า10สามารถนอนด้วยกันได้โดยไม่ต้องเพิ่มเบาะเสริม✅ หากมา3ท่านแนะนำเพิ่มเบาะเสริมนะคะจะนอนสบายกว่าค่ะ‼️ 🚫ห้ามนำสัตว์เลี้ยงเข้าที่พัก ✅ฟรีwifi ✅อาหารเช้า ✅อุปกรณ์ปิ้งย่าง ✅พัดลม ✅กาน้ำร้อน ✅ชุดถุงนอน 👉สบู่ 👉แชมพู 👉ผ้าขนหนู ✅กระติกพร้อมน้ำแข็ง ✅ปลั๊กไฟ ✅ห้องน้ำรวมห่างจากที่พัก40เมตร ✅ถ่าน ภาชนะ **ทางที่พักมี ขนมและเครื่องดื่มจำหน่าย (ไม่มีแอลกอฮอล์)ลูกค้าสามารถซื้อเข้ามาได้เลยค่ะ มีร้านอาหารตามสั่ง ร้านส้มตำและร้านหมูกะทะชั่งกิโลให้โทรสั่งจากข้างนอกมาส่งให้ได้ค่ะ 👉สำหรับลูกค้าที่จะล่องแก่งสามารถมาก่อนเวลาได้ค่ะ 🕑เช็คอิน14.00น. 🕛เช็คเอาท์12.00น.', '2025-03-09 16:59:09', '2025-03-09 16:59:09', 'false'),
('RM65618231OKQG94', 'RT20639053FZTC', 'เต็นท์', '14', 1, 4500, 'thumb_RM65618231OKQG94.jpg', '1741516961QHHV77.jpg', 'เป็นเต็นท์สำหรับครับครัวใหญ่หรือเข้าพักแบบทีมแก๊งเพื่อน พักได้ 7ท่าน อยู่ริมน้ำเต็นท์ไม่อยู่ติดกับเต็นท์อื่นเป็นส่วนตัวบรรยากาศดีสุดๆ🌊🌳', 'ถ้าหากลูกค้ามาเป็นครอบครัวเด็กอายุต่ำกว่า10สามารถนอนด้วยกันได้โดยไม่ต้องเพิ่มเบาะเสริม✅ 🚫ห้ามนำสัตว์เลี้ยงเข้าที่พัก ✅ฟรีwifi ✅อาหารเช้า ✅อุปกรณ์ปิ้งย่าง ✅พัดลม ✅กาน้ำร้อน ✅ชุดถุงนอน 👉สบู่ 👉แชมพู 👉ผ้าขนหนู ✅กระติกพร้อมน้ำแข็ง ✅ปลั๊กไฟ ✅ห้องน้ำรวมห่างจากที่พัก40เมตร ✅ถ่าน ภาชนะ **ทางที่พักมี ขนมและเครื่องดื่มจำหน่าย (ไม่มีแอลกอฮอล์)ลูกค้าสามารถซื้อเข้ามาได้เลยค่ะ มีร้านอาหารตามสั่ง ร้านส้มตำและร้านหมูกะทะชั่งกิโลให้โทรสั่งจากข้างนอกมาส่งให้ได้ค่ะ 👉สำหรับลูกค้าที่จะล่องแก่งสามารถมาก่อนเวลาได้ค่ะ 🕑เช็คอิน14.00น. 🕛เช็คเอาท์12.00น.', '2025-03-09 17:42:41', '2025-03-09 17:49:03', 'false'),
('RM66361000YLBZ93', 'RT20639053FZTC', 'เต็นท์', '8', 1, 1400, 'thumb_RM66361000YLBZ93.jpg', '1741516543JGON15.jpg', 'เป็นเต็นท์อยู่ริมน้ำเต็นท์ไม่อยู่ติดกับเต็นท์อื่นเป็นส่วนตัวบรรยากาศดีสุดๆ🌊🌳', 'เต็นท์พักได้2ท่าน ถ้าหากลูกค้ามาเป็นครอบครัวเด็กอายุต่ำกว่า10สามารถนอนด้วยกันได้โดยไม่ต้องเพิ่มเบาะเสริม✅ หากมา3ท่านแนะนำเพิ่มเบาะเสริมนะคะจะนอนสบายกว่าค่ะ‼️ 🚫ห้ามนำสัตว์เลี้ยงเข้าที่พัก ✅ฟรีwifi ✅อาหารเช้า ✅อุปกรณ์ปิ้งย่าง ✅พัดลม ✅กาน้ำร้อน ✅ชุดถุงนอน 👉สบู่ 👉แชมพู 👉ผ้าขนหนู ✅กระติกพร้อมน้ำแข็ง ✅ปลั๊กไฟ ✅ห้องน้ำรวมห่างจากที่พัก40เมตร ✅ถ่าน ภาชนะ **ทางที่พักมี ขนมและเครื่องดื่มจำหน่าย (ไม่มีแอลกอฮอล์)ลูกค้าสามารถซื้อเข้ามาได้เลยค่ะ มีร้านอาหารตามสั่ง ร้านส้มตำและร้านหมูกะทะชั่งกิโลให้โทรสั่งจากข้างนอกมาส่งให้ได้ค่ะ 👉สำหรับลูกค้าที่จะล่องแก่งสามารถมาก่อนเวลาได้ค่ะ 🕑เช็คอิน14.00น. 🕛เช็คเอาท์12.00น.', '2025-03-09 17:35:43', '2025-03-09 17:35:43', 'false'),
('RM66671030KFTZ23', 'RT38823736ICSA', 'ห้อง', '2', 1, 1500, 'thumb_RM66671030KFTZ23.jpg', '1741518182ASHH98.jpg', 'เป็นห้องพักที่อำนวยความสะดวยสบายสุดๆอยู่ห่างจากริมน้ำ 50 เมตร มีห้องน้ำในตัว', 'ถ้าหากลูกค้ามาเป็นครอบครัวเด็กอายุต่ำกว่า10สามารถนอนด้วยกันได้โดยไม่ต้องเพิ่มเบาะเสริม✅ 🚫ห้ามนำสัตว์เลี้ยงเข้าที่พัก ✅ฟรีwifi ✅อาหารเช้า ✅อุปกรณ์ปิ้งย่าง ✅พัดลม ✅กาน้ำร้อน ✅ชุดถุงนอน 👉สบู่ 👉แชมพู 👉ผ้าขนหนู ✅กระติกพร้อมน้ำแข็ง ✅ปลั๊กไฟ ✅ห้องน้ำรวมห่างจากที่พัก40เมตร ✅ถ่าน ภาชนะ **ทางที่พักมี ขนมและเครื่องดื่มจำหน่าย (ไม่มีแอลกอฮอล์)ลูกค้าสามารถซื้อเข้ามาได้เลยค่ะ มีร้านอาหารตามสั่ง ร้านส้มตำและร้านหมูกะทะชั่งกิโลให้โทรสั่งจากข้างนอกมาส่งให้ได้ค่ะ 👉สำหรับลูกค้าที่จะล่องแก่งสามารถมาก่อนเวลาได้ค่ะ 🕑เช็คอิน14.00น. 🕛เช็คเอาท์12.00น.', '2025-03-09 18:03:02', '2025-03-09 18:03:02', 'false'),
('RM68143487MWMM19', 'RT38823736ICSA', 'ห้อง', '1', 1, 1500, 'thumb_RM68143487MWMM19.jpg', '1741518094MQEK96.jpg', 'เป็นห้องพักที่อำนวยความสะดวยสบายสุดๆอยู่ห่างจากริมน้ำ 50 เมตร มีห้องน้ำในตัว', 'ถ้าหากลูกค้ามาเป็นครอบครัวเด็กอายุต่ำกว่า10สามารถนอนด้วยกันได้โดยไม่ต้องเพิ่มเบาะเสริม✅ 🚫ห้ามนำสัตว์เลี้ยงเข้าที่พัก ✅ฟรีwifi ✅อาหารเช้า ✅อุปกรณ์ปิ้งย่าง ✅พัดลม ✅กาน้ำร้อน ✅ชุดถุงนอน 👉สบู่ 👉แชมพู 👉ผ้าขนหนู ✅กระติกพร้อมน้ำแข็ง ✅ปลั๊กไฟ ✅ห้องน้ำรวมห่างจากที่พัก40เมตร ✅ถ่าน ภาชนะ **ทางที่พักมี ขนมและเครื่องดื่มจำหน่าย (ไม่มีแอลกอฮอล์)ลูกค้าสามารถซื้อเข้ามาได้เลยค่ะ มีร้านอาหารตามสั่ง ร้านส้มตำและร้านหมูกะทะชั่งกิโลให้โทรสั่งจากข้างนอกมาส่งให้ได้ค่ะ 👉สำหรับลูกค้าที่จะล่องแก่งสามารถมาก่อนเวลาได้ค่ะ 🕑เช็คอิน14.00น. 🕛เช็คเอาท์12.00น.', '2025-03-09 18:01:34', '2025-03-09 18:01:34', 'false'),
('RM69078532PJXY44', 'RT80338336LJDQ', 'test', 'test', 2, 600, 'thumb_RM69078532PJXY44.jpg', '1741270707FVGB45.png', 'describe', 'loremmmmmmmmm', '2025-03-06 21:18:27', '2025-03-06 21:18:27', 'false'),
('RM83072284YGUY40', 'RT92279189UJBS', 'เต็นท์', '2', 1, 1400, 'thumb_RM83072284YGUY40.jpg', '1741513202GXUI32.jpg', 'เป็นเต็นท์กลางน้ำแต่อยู่โซนบนส่วนตัวบรรยากาศชิวๆนั่งมองลำธารจากด้านบน🌊🌳', 'เต็นท์พักได้2ท่าน  ถ้าหากลูกค้ามาเป็นครอบครัวเด็กอายุต่ำกว่า10สามารถนอนด้วยกันได้โดยไม่ต้องเพิ่มเบาะเสริม✅\r\nหากมา3ท่านแนะนำเพิ่มเบาะเสริมนะคะจะนอนสบายกว่าค่ะ‼️\r\n🚫ห้ามนำสัตว์เลี้ยงเข้าที่พัก\r\n✅ฟรีwifi \r\n✅อาหารเช้า\r\n✅อุปกรณ์ปิ้งย่าง\r\n✅พัดลม\r\n✅กาน้ำร้อน\r\n✅ชุดถุงนอน\r\n👉สบู่ 👉แชมพู 👉ผ้าขนหนู \r\n✅กระติกพร้อมน้ำแข็ง\r\n✅ปลั๊กไฟ\r\n✅ห้องน้ำรวมห่างจากที่พัก40เมตร\r\n✅ถ่าน ภาชนะ \r\n**ทางที่พักมี ขนมและเครื่องดื่มจำหน่าย\r\n(ไม่มีแอลกอฮอล์)ลูกค้าสามารถซื้อเข้ามาได้เลยค่ะ มีร้านอาหารตามสั่ง ร้านส้มตำและร้านหมูกะทะชั่งกิโลให้โทรสั่งจากข้างนอกมาส่งให้ได้ค่ะ\r\n👉สำหรับลูกค้าที่จะล่องแก่งสามารถมาก่อนเวลาได้ค่ะ\r\n🕑เช็คอิน14.00น.\r\n🕛เช็คเอาท์12.00น.', '2025-03-09 16:40:02', '2025-03-09 16:40:02', 'false'),
('RM92693931UVFV39', 'RT89676524WZFU', 'เต็นท์ v', '4', 1, 1400, 'thumb_RM92693931UVFV39.jpg', '1741516213OBJR01.jpg', 'เป็นเต็นท์กลางน้ำส่วนตัวบรรยากาศชิวๆนั่งมองลำธารจากด้านบน🌊🌳', 'เต็นท์พักได้2ท่าน ถ้าหากลูกค้ามาเป็นครอบครัวเด็กอายุต่ำกว่า10สามารถนอนด้วยกันได้โดยไม่ต้องเพิ่มเบาะเสริม✅ หากมา3ท่านแนะนำเพิ่มเบาะเสริมนะคะจะนอนสบายกว่าค่ะ‼️ 🚫ห้ามนำสัตว์เลี้ยงเข้าที่พัก ✅ฟรีwifi ✅อาหารเช้า ✅อุปกรณ์ปิ้งย่าง ✅พัดลม ✅กาน้ำร้อน ✅ชุดถุงนอน 👉สบู่ 👉แชมพู 👉ผ้าขนหนู ✅กระติกพร้อมน้ำแข็ง ✅ปลั๊กไฟ ✅ห้องน้ำรวมห่างจากที่พัก40เมตร ✅ถ่าน ภาชนะ **ทางที่พักมี ขนมและเครื่องดื่มจำหน่าย (ไม่มีแอลกอฮอล์)ลูกค้าสามารถซื้อเข้ามาได้เลยค่ะ มีร้านอาหารตามสั่ง ร้านส้มตำและร้านหมูกะทะชั่งกิโลให้โทรสั่งจากข้างนอกมาส่งให้ได้ค่ะ 👉สำหรับลูกค้าที่จะล่องแก่งสามารถมาก่อนเวลาได้ค่ะ 🕑เช็คอิน14.00น. 🕛เช็คเอาท์12.00น.', '2025-03-09 17:30:13', '2025-03-09 17:30:13', 'false'),
('RM95164045JMKE48', 'RT89676524WZFU', 'เต็นท์ v', '1', 1, 1400, 'thumb_RM95164045JMKE48.jpg', '1741515971HOGC67.jpg', 'เป็นเต็นท์สีฟ้าอยู่กลางน้ำเต็นท์ไม่อยู่ติดกับเต็นท์อื่นเป็นส่วนตัวบรรยากาศดีสุดๆ🌊🌳', 'เต็นท์พักได้2ท่าน ถ้าหากลูกค้ามาเป็นครอบครัวเด็กอายุต่ำกว่า10สามารถนอนด้วยกันได้โดยไม่ต้องเพิ่มเบาะเสริม✅ หากมา3ท่านแนะนำเพิ่มเบาะเสริมนะคะจะนอนสบายกว่าค่ะ‼️ 🚫ห้ามนำสัตว์เลี้ยงเข้าที่พัก ✅ฟรีwifi ✅อาหารเช้า ✅อุปกรณ์ปิ้งย่าง ✅พัดลม ✅กาน้ำร้อน ✅ชุดถุงนอน 👉สบู่ 👉แชมพู 👉ผ้าขนหนู ✅กระติกพร้อมน้ำแข็ง ✅ปลั๊กไฟ ✅ห้องน้ำรวมห่างจากที่พัก40เมตร ✅ถ่าน ภาชนะ **ทางที่พักมี ขนมและเครื่องดื่มจำหน่าย (ไม่มีแอลกอฮอล์)ลูกค้าสามารถซื้อเข้ามาได้เลยค่ะ มีร้านอาหารตามสั่ง ร้านส้มตำและร้านหมูกะทะชั่งกิโลให้โทรสั่งจากข้างนอกมาส่งให้ได้ค่ะ 👉สำหรับลูกค้าที่จะล่องแก่งสามารถมาก่อนเวลาได้ค่ะ 🕑เช็คอิน14.00น. 🕛เช็คเอาท์12.00น.', '2025-03-09 17:26:11', '2025-03-09 17:26:11', 'false'),
('RM95993088VXFQ58', 'RT89676524WZFU', 'เต็นท์ v', '2', 1, 1400, 'thumb_RM95993088VXFQ58.jpg', '1741516044AETU83.jpg', 'เป็นเต็นท์กลางน้ำแต่อยู่โซนบนส่วนตัวบรรยากาศชิวๆนั่งมองลำธารจากด้านบน🌊🌳', 'เต็นท์พักได้2ท่าน ถ้าหากลูกค้ามาเป็นครอบครัวเด็กอายุต่ำกว่า10สามารถนอนด้วยกันได้โดยไม่ต้องเพิ่มเบาะเสริม✅ หากมา3ท่านแนะนำเพิ่มเบาะเสริมนะคะจะนอนสบายกว่าค่ะ‼️ 🚫ห้ามนำสัตว์เลี้ยงเข้าที่พัก ✅ฟรีwifi ✅อาหารเช้า ✅อุปกรณ์ปิ้งย่าง ✅พัดลม ✅กาน้ำร้อน ✅ชุดถุงนอน 👉สบู่ 👉แชมพู 👉ผ้าขนหนู ✅กระติกพร้อมน้ำแข็ง ✅ปลั๊กไฟ ✅ห้องน้ำรวมห่างจากที่พัก40เมตร ✅ถ่าน ภาชนะ **ทางที่พักมี ขนมและเครื่องดื่มจำหน่าย (ไม่มีแอลกอฮอล์)ลูกค้าสามารถซื้อเข้ามาได้เลยค่ะ มีร้านอาหารตามสั่ง ร้านส้มตำและร้านหมูกะทะชั่งกิโลให้โทรสั่งจากข้างนอกมาส่งให้ได้ค่ะ 👉สำหรับลูกค้าที่จะล่องแก่งสามารถมาก่อนเวลาได้ค่ะ 🕑เช็คอิน14.00น. 🕛เช็คเอาท์12.00น.', '2025-03-09 17:27:24', '2025-03-09 17:27:24', 'false');

-- --------------------------------------------------------

--
-- Table structure for table `room_type`
--

CREATE TABLE `room_type` (
  `room_type_id` varchar(50) NOT NULL,
  `room_type_name` varchar(300) NOT NULL,
  `create_at` datetime NOT NULL,
  `update_at` datetime NOT NULL,
  `soft_delete` varchar(14) NOT NULL
) ENGINE=InnoDB DEFAULT CHARSET=utf8mb4 COLLATE=utf8mb4_general_ci;

--
-- Dumping data for table `room_type`
--

INSERT INTO `room_type` (`room_type_id`, `room_type_name`, `create_at`, `update_at`, `soft_delete`) VALUES
('RT20639053FZTC', 'ริมน้ำ', '2025-03-09 16:36:09', '2025-03-09 16:36:09', 'false'),
('RT38823736ICSA', 'ห้อง', '2025-03-09 16:36:44', '2025-03-09 16:36:44', 'false'),
('RT80338336LJDQ', 'normal', '2025-03-06 21:17:19', '2025-03-06 21:17:19', 'false'),
('RT80992137TBVM', 'มดตะนอย', '2025-03-09 16:36:28', '2025-03-09 16:36:28', 'false'),
('RT89676524WZFU', 'เกาะv', '2025-03-09 16:35:52', '2025-03-09 16:35:52', 'false'),
('RT92279189UJBS', 'เกาะหว้า', '2025-03-06 19:59:59', '2025-03-06 19:59:59', 'false');

--
-- Indexes for dumped tables
--

--
-- Indexes for table `carousel`
--
ALTER TABLE `carousel`
  ADD PRIMARY KEY (`id`);

--
-- Indexes for table `contact_us`
--
ALTER TABLE `contact_us`
  ADD PRIMARY KEY (`id`);

--
-- Indexes for table `employee`
--
ALTER TABLE `employee`
  ADD PRIMARY KEY (`emp_id`);

--
-- Indexes for table `logo`
--
ALTER TABLE `logo`
  ADD PRIMARY KEY (`logo_id`);

--
-- Indexes for table `member`
--
ALTER TABLE `member`
  ADD PRIMARY KEY (`member_id`);

--
-- Indexes for table `province`
--
ALTER TABLE `province`
  ADD PRIMARY KEY (`id`);

--
-- Indexes for table `reportfile`
--
ALTER TABLE `reportfile`
  ADD PRIMARY KEY (`file_id`);

--
-- Indexes for table `reservations`
--
ALTER TABLE `reservations`
  ADD PRIMARY KEY (`reservation_id`);

--
-- Indexes for table `rooms`
--
ALTER TABLE `rooms`
  ADD PRIMARY KEY (`room_id`);

--
-- Indexes for table `room_type`
--
ALTER TABLE `room_type`
  ADD PRIMARY KEY (`room_type_id`);

--
-- AUTO_INCREMENT for dumped tables
--

--
-- AUTO_INCREMENT for table `carousel`
--
ALTER TABLE `carousel`
  MODIFY `id` int(11) NOT NULL AUTO_INCREMENT, AUTO_INCREMENT=14;

--
-- AUTO_INCREMENT for table `province`
--
ALTER TABLE `province`
  MODIFY `id` int(11) NOT NULL AUTO_INCREMENT, AUTO_INCREMENT=78;
COMMIT;

/*!40101 SET CHARACTER_SET_CLIENT=@OLD_CHARACTER_SET_CLIENT */;
/*!40101 SET CHARACTER_SET_RESULTS=@OLD_CHARACTER_SET_RESULTS */;
/*!40101 SET COLLATION_CONNECTION=@OLD_COLLATION_CONNECTION */;
